<?xml version="1.0"?>
<data grt_format="2.0">
  <value _ptr_="0000023023369950" type="list" content-type="object" content-struct-name="db.mgmt.Connection">
    <value type="object" struct-name="db.mgmt.Connection" id="{12C9713F-FC1B-48BB-A7E2-A015D507A0D8}" struct-checksum="0x96ba47d8">
      <link type="object" struct-name="db.mgmt.Driver" key="driver">com.mysql.rdbms.mysql.driver.native</link>
      <value type="string" key="hostIdentifier">Mysql@localhost:3306</value>
      <value type="int" key="isDefault">0</value>
      <value _ptr_="0000023024CFCDE0" type="dict" key="modules"/>
      <value _ptr_="0000023024CFC720" type="dict" key="parameterValues">
        <value type="string" key="hostName">localhost</value>
        <value type="int" key="lastConnected">1700229887</value>
        <value type="int" key="port">3306</value>
        <value type="string" key="serverVersion">8.2.0</value>
        <value type="string" key="userName">root</value>
      </value>
      <value type="string" key="name">Local instance MySQL82</value>
    </value>
  </value>
</data>
