<?xml version="1.0"?>
<data grt_format="2.0">
  <value _ptr_="000002302336A210" type="list" content-type="object" content-struct-name="db.mgmt.ServerInstance">
    <value type="object" struct-name="db.mgmt.ServerInstance" id="{F61D471B-B51C-4B26-90B3-59DA72A08D97}" struct-checksum="0x367436e2">
      <link type="object" struct-name="db.mgmt.Connection" key="connection">{12C9713F-FC1B-48BB-A7E2-A015D507A0D8}</link>
      <value _ptr_="0000023024895310" type="dict" key="loginInfo">
        <value type="string" key="wmi.hostName"></value>
        <value type="string" key="wmi.userName"></value>
      </value>
      <value _ptr_="0000023024895070" type="dict" key="serverInfo">
        <value type="int" key="setupPending">1</value>
        <value type="string" key="sys.config.path">C:\ProgramData\MySQL\MySQL Server 8.2\my.ini</value>
        <value type="int" key="sys.config.path.lock">1</value>
        <value type="string" key="sys.config.section">mysqld</value>
        <value type="string" key="sys.mysqld.service_name">MySQL82</value>
        <value type="string" key="sys.preset">Custom</value>
        <value type="string" key="sys.system">Windows</value>
        <value type="int" key="windowsAdmin">1</value>
      </value>
      <value type="string" key="name">Local MySQL82</value>
      <link type="object" struct-name="GrtObject" key="owner">{9C635239-0850-4283-8DCD-96459BE9D330}</link>
    </value>
  </value>
</data>
